"","name","start","end","party"
"1","Eisenhower",1953-01-20,1961-01-20,"Republican"
"2","Kennedy",1961-01-20,1963-11-22,"Democratic"
"3","Johson",1963-11-22,1969-01-20,"Democratic"
"4","Nixon",1969-01-20,1974-08-09,"Republican"
"5","Ford",1974-08-09,1977-01-20,"Republican"
"6","Carter",1977-01-20,1981-01-20,"Democratic"
"7","Reagan",1981-01-20,1989-01-20,"Republican"
"8","Bush",1989-01-20,1993-01-20,"Republican"
"9","Clinton",1993-01-20,2001-01-20,"Democratic"
"10","Bush",2001-01-20,2009-01-20,"Republican"
